expr_FAT1,expr_CCND1,expr_EPCAM,expr_CD274,expr_PIK3CA,expr_TP53,expr_EGFR,expr_CDKN2A,expr_NOTCH1,expr_SOX2,expr_KRT5,expr_KRT14,expr_PDCD1LG2,submitter_id
3.600793864000292,3.9258332041304005,3.2324433680897386,3.4008973366531534,1.5689283690958904,3.810362303676809,3.8545061744232623,4.024687184285349,2.5768399221317964,2.6665821646084384,9.349571825841103,9.993004845011873,3.1225763558786586,TCGA-F7-A620
4.321523958546769,4.551929733961027,3.103550267137886,0.3552238916714176,1.0532313066277679,3.2335121888011895,3.648591171310908,0.78294217967616,3.3075824308115918,2.5201853083721057,6.753655981168134,6.354105658025218,0.49011258216844905,TCGA-IQ-7631
3.671333927648127,4.000096151874368,5.375837047911949,0.9221137451769438,2.3463052836835887,2.0013718862579135,4.100657924278693,3.9705258484513704,3.5621931517413574,5.738805608234797,9.181566362304375,8.190517562942373,1.0848851680481093,TCGA-CN-6021
4.759449714656839,3.807448847176943,3.643330157654887,1.7721348260917549,3.115996672524929,4.1066765431426955,4.553844259489172,4.4173406882988235,4.379144986711672,4.291617674246988,9.637326727745364,9.187664864909936,1.305680657125645,TCGA-CN-4741
4.211927577875817,6.208635497899793,6.131064737271522,1.7644739145336326,2.4815761096915443,4.24513675148543,4.796363108923798,0.5270335626101991,4.22115047274134,6.072486544351694,9.197458809758865,8.948364421105207,1.0508216248317612,TCGA-DQ-7589
4.449906053168725,4.909249092601219,4.517946422809748,1.5147095633334593,2.751499142175025,4.122619368973095,4.112758971487398,5.389534636357364,4.228604439437279,6.063981468497159,8.247157200363983,3.715389925592287,1.5413517725988726,TCGA-CV-7406
4.3373639407676885,6.120852210080832,3.9652414455329494,2.5538884101021115,1.9685798109366202,3.9894357963618194,5.172202971296992,0.7521705210094063,3.743594886302745,3.37030852862841,8.678711197156916,8.848887029654463,2.3535823435649497,TCGA-CV-5431
4.6471553437715984,7.20392168249173,0.5464437013677365,0.8761768199375802,2.372717315174423,4.516702840499635,2.726152036466192,0.620038708739307,3.132036069514372,2.303884248725666,2.8683703817891524,2.325099725751215,2.1596726931351893,TCGA-CQ-6221
4.881007890029472,5.677994470677012,2.4449523342809676,1.4188825507130423,2.399911420823543,3.207078509388562,4.95284161969751,2.9513414182191826,3.5924098524397605,3.4950064353402133,9.680119776085341,10.380038184561547,1.7528973584359273,TCGA-CN-4737
3.215875327875962,4.142134226057949,1.9718563309998984,4.387963973740603,2.0162487812666194,3.631141754873535,4.299025388170476,0.6499264781053818,3.469366803096041,1.3638697995561897,9.696530976143293,10.039802849001916,3.582184715442973,TCGA-CV-7427
3.0557637783348164,5.095791673864114,2.605205037810034,0.7440779092284883,1.803984438850624,3.7472332642940076,4.266497931100427,0.8597203803857608,3.692271195650046,4.500420594789021,9.068153871734614,8.036943005046664,0.41752542260053077,TCGA-CV-7261
1.5963324092556201,3.520496304817338,3.5025589120261955,2.3936133913416096,2.3378460535879184,3.579806500321787,6.946707590734369,2.773407137246838,3.000968540349237,2.342987799625418,9.130002658292652,9.793035658893109,2.252701331064506,TCGA-CQ-A4CH
3.7171097043180072,5.242725372290926,4.328672006670927,3.6935012571090065,1.9093647113023184,4.34787375831535,4.507996070133763,0.22976160361578515,2.727009335503356,1.6765917606204903,8.836916617948471,8.970407833537154,3.24966493792808,TCGA-CV-5966
3.2967438619665153,3.5791231801401833,6.292969824807238,2.8167610979596565,2.4873702792259733,2.4217982166979963,4.536794980848858,3.1390357633272163,3.3708034641422304,6.309375585540931,8.185059963666166,7.6427406575526255,1.7102058985533848,TCGA-CV-7424
4.292568175109379,4.562844978876365,3.539058968780891,2.5571187783463483,2.0100244730911574,2.0840932058948884,5.9701704280908015,4.792074558953413,3.017391020331389,3.784155542428062,9.167369674813584,10.45279128206,2.721690086806245,TCGA-CQ-6229
5.469964234371481,5.081027275261529,4.370351241756366,1.0046312251972158,2.243450610368522,3.907165225497709,4.642453446568583,3.6349194493179913,3.3036029282235324,3.726548483258785,9.836435314658235,10.350314000891489,1.5315844732292363,TCGA-CV-7245
0.4792730352528842,1.5216116580675203,1.9467241034188507,2.370598818607427,0.408327673721641,2.730444239033403,2.1557542245289993,0.08452495506968791,2.9440968153719274,0.7835361802876261,9.142558227977108,10.835615164397645,2.3460372256665702,TCGA-CV-A45Q
4.179259994252868,5.846892718252695,4.307546862641919,4.36543347651724,2.026040764952721,3.862256965246574,5.166970443374683,0.2731520206674553,3.5740604588465077,3.126282351472976,9.550040664243571,9.880459684738884,4.077584900406761,TCGA-CR-6478
4.02545525680057,5.390641729598321,5.385192525927136,1.6155988945475732,2.2117190234866717,4.6414191802632025,4.926137845448263,4.302297315389074,4.053867994146373,5.7013585392970745,9.441577489838954,9.721582898826005,1.026220791246351,TCGA-CV-6951
0.7368769434212705,3.8156376478272707,2.299931575528482,1.3633327494825436,1.3115708149239542,3.4647228898753486,5.2896065371953975,0.35886254938414475,3.1024004338717526,2.7187593199105615,9.855354181380935,11.195146816182332,1.3762440252663892,TCGA-D6-A6EQ
4.425226200530068,7.571265594253697,4.914575833651289,3.092591253348166,2.4685062284202193,3.5836106009216446,5.1981262443007905,3.154644456554371,4.512288155840913,5.7581936367720425,9.688122867240008,8.987429868504215,2.4051777817505418,TCGA-BA-4078
3.801035577238518,4.881893176468332,5.196104669085703,1.865969817093586,2.2463638868965115,2.9904382850928815,5.1422136975449835,0.44871615010247934,3.007176537438249,1.8262736110098752,6.962970567286969,7.782779417516627,2.293534257473628,TCGA-UF-A7JD
3.6245275822229774,3.8848573373553763,4.286789702186907,2.258539157155312,2.0717117436178945,5.002304018532104,4.270738865280421,4.790252927201315,4.044837391064583,4.503759636709311,9.30342612503129,3.789753671367406,1.6683104119450447,TCGA-BB-4228
4.304069147250006,6.540368597250671,5.088613718756779,1.818693470468136,3.1285790568870415,2.7383659983041557,4.676882290341302,3.7294142073843735,3.9128146919616453,6.844295642306033,9.546793908422549,8.404932904768074,1.6568366328039759,TCGA-CX-7082
4.335478642457172,4.753727250678789,3.3530605040545813,3.172643386926498,1.961938154418195,4.809731756713713,4.340403538107052,3.841705685818296,3.742891673871657,3.6736566732921685,9.136934480998091,10.000639163138334,2.4627888445343813,TCGA-CQ-6219
3.97591006441032,4.455696385822804,5.788949262548028,1.2862530069396643,2.521503731921687,3.8429194135262015,6.180673373782501,0.8691152633817246,3.385924678748456,5.840993920902711,8.134728591926923,8.972633932176898,1.5545381224524382,TCGA-CQ-7072
3.977604732237415,3.408728948077502,4.369661753639168,1.794572176522245,2.2662426336912147,4.5199978442088415,3.239963900131825,6.176795113953772,4.040432051205799,5.199597530466759,8.695299660529859,4.278733425109969,1.7429543049461218,TCGA-CV-6433
4.486710921740684,4.027087683028199,1.6922889806613135,2.8109256314918887,1.9745114889151185,3.16252555498018,3.8427436643412682,1.342107336230217,3.015564312182359,3.6884368561819203,9.151271579229782,9.99401339654537,2.8777648458984477,TCGA-CR-7394
3.659682336456636,2.8483627165218914,5.122428873158935,1.8000748008317686,2.0339210263780267,4.1353041472763445,3.7575772820798283,4.7529227270224546,4.364799089007255,4.480340254179752,9.123166014433217,6.943938788344096,1.2161582591897375,TCGA-CN-5374
4.038380728704525,2.8878463495128748,4.1848736337520345,3.2335121888011895,2.6417679383082295,4.118885943865454,4.2953065788824745,4.911499070980623,4.651058047310089,5.4056082179085205,9.285252621326558,7.920710509520315,2.4012985659300785,TCGA-CR-7404
3.9881003228621514,4.061630236549128,2.7225840708792473,2.8887315245597467,2.02917403677978,2.1473338077227546,4.429040221664208,0.11475623729818858,2.896011380841016,2.7396005464128006,9.435997984388768,10.214674083221878,2.8107993100035333,TCGA-IQ-A61E
3.8736106055016895,5.333414686341307,3.8811657806007127,1.9385833736688525,1.7154722010559358,1.606192652269071,6.016663616793159,1.694991560786758,3.2238753066064625,2.943143403428412,10.069103066413886,10.699032854443555,0.8816578783797118,TCGA-CV-7095
3.4519221811537664,4.987918544868262,4.190919093911763,2.2430579936793915,2.4231908078073467,3.024980347912976,4.2275765350249825,0.8341257738195175,4.095953267561517,3.5291243487918336,8.771353789953633,9.540595644691972,1.5549183666582955,TCGA-T3-A92M
3.749007482059808,4.4350815015810925,5.4254054203776905,0.6678293725756554,1.9877099510802432,2.763421834414964,4.467716826783001,2.249163218997971,3.1538678602259345,4.632184004932365,9.65994527979693,10.14033883020987,0.9572791125514658,TCGA-CV-5432
4.55581921459568,2.7455258026900924,5.4339014634328855,2.7790676883374905,2.4602979920066583,4.496450701973775,4.606525267450356,4.427175654104644,4.583694219440369,6.112737264513783,9.808488262400601,7.007635002500832,1.7162274066156182,TCGA-QK-A6V9
2.357158501919205,3.167708838292956,3.516244827149512,2.609312152864207,1.6720370541906204,1.5978712760626348,3.5001826183465767,1.6848792809339506,2.7529343339556562,3.45641131362939,9.639397213759098,10.6279096808492,0.9787395711466436,TCGA-CQ-A4CE
4.278544908540745,4.343162357989574,3.4417249328382233,3.261563597741018,1.6773955816173272,3.397544049697586,4.1214764737251235,2.8146839059106448,3.0518242856563402,3.5985580596009714,9.833411058427913,10.547434362803612,2.7642414807519526,TCGA-CQ-5331
1.2282067751708938,3.8511853609239894,2.010734343670045,0.768161884365391,1.1330781255493882,2.7156876282314215,2.739975133886584,0.983201437156782,1.5944460946148633,4.330971469825978,8.666488675260116,6.878394128206255,0.5749828222093036,TCGA-CV-7183
3.672407025545404,4.175915332582189,5.637764459607058,3.746924280529708,2.421496380823399,4.013795893238392,3.9292163491498924,1.0684966647634861,3.311214320863451,5.970487560521782,9.02675385946298,8.592207004600635,2.7040220991817736,TCGA-CV-5434
4.3287405665573555,5.468494645880389,3.7077723540081067,2.4173324144179658,2.2130651175553524,3.5314563423839327,4.790549562881284,3.7445340989709566,3.743753455113066,2.1645521550289257,9.730340687251042,10.183072002560083,2.3224073279411312,TCGA-CR-7379
4.4692966240537775,5.009740894239924,4.75672320911041,0.9663372493582908,3.2188758248682006,4.118009004149699,3.870838445188883,0.8277217788561655,4.131039652776557,5.03843786250494,9.768576368437012,9.356924347796149,0.2737606171107361,TCGA-CV-7430
1.7460296175218806,3.830305228943187,2.336928547016501,3.305053521109253,1.4747630091074988,2.949541727447576,3.602659581983494,0.29565024210095775,2.7630748586209304,2.940393967019227,9.431205730178041,10.072119697944672,2.9632762283543843,TCGA-CQ-6222
1.2421352654202849,3.5114349849700237,1.2163656942558974,1.2964790567975266,0.9120818871001004,2.664822537501285,2.552759983359286,0.3961552387823867,1.9793449251415507,2.3829569772522556,8.133777684267082,8.518070346603121,0.7920871284148489,TCGA-H7-A6C4
3.2839554495828227,3.9860779761773184,3.128548410444106,2.3880377558196795,2.1480226617421363,3.5799403206124887,4.319679045025477,2.0929252268384952,3.200662973208804,1.5515757215894377,9.94503777623314,10.884240945170529,1.8640336180980748,TCGA-C9-A480
4.651611880374137,4.692424366831813,1.718399934873594,2.3148495758140277,1.8619383038493016,4.063175480843402,4.71619443239992,2.9961371915636277,3.078178244920689,2.3494209678310773,9.763282161101968,9.961554218512426,1.8578592709325787,TCGA-IQ-7630
4.448280090719618,4.891276517612121,5.545064938150963,3.3859991379042587,2.9881032463894996,4.14076843687196,4.545321450593924,3.846874164750155,3.1787119470749507,5.803555408814996,8.74987623276444,7.022450619276355,3.1828713739939145,TCGA-CV-5978
5.089990380797285,5.717538426227253,3.0430403876486047,4.416639391716393,2.472673799301044,4.344703719562159,5.2203871759382325,0.6241721660564141,4.8187634784096725,3.596772388856527,8.066335597486749,8.10620792523201,4.310232521943076,TCGA-CR-7382
4.8141385422657885,4.93044351975728,4.734353765556685,3.2718287413208733,2.4883507121905555,4.513432018943352,4.839427747253882,4.4292298259820315,4.482718895968103,4.9971142959914765,9.21345113852095,6.326680816761355,2.1434369466064953,TCGA-CV-6939
3.8389188369871667,3.968008175731424,4.472210058731861,1.8622023999818282,1.4949693777455466,2.654375125155128,3.9369341307282424,5.1356813713748135,3.21154904948174,4.691237784425484,9.45022092301519,9.784473319892689,1.4923196557631946,TCGA-D6-A74Q
2.1032435138653254,4.031848398496495,3.1970186885128915,3.3772325042083233,0.9043396007544006,3.7208334438547896,3.0227441458007887,4.4925791485519895,4.558917848809838,1.0225948022441937,8.405309490416379,10.042747599417595,2.4303360611088642,TCGA-D6-A6EN
3.5586312373927753,4.715471973429813,6.039696222017983,1.1893970928735482,3.223206434228647,2.549116992080785,4.181457600710692,0.3701832939635247,3.5633814217574002,6.053783262548905,8.39707446265118,8.499442129420084,1.1863178690872151,TCGA-CR-7374
4.917545114932653,5.288926913933793,5.034215743747188,1.4157560712695096,2.0779153776837895,3.7269239950785806,5.271017595772435,0.23119108289351042,3.8354680418313722,4.720705363770588,9.910696743757843,10.12110325742088,1.7038385878555846,TCGA-D6-6823
3.7115993905501843,1.9957066094598999,5.1291339255047665,4.113333132773786,2.406296249206089,4.520948006477258,4.125735019292615,5.08458934964352,4.84134209843341,6.088531818685663,9.795909658087778,5.577983018186572,1.99802810331742,TCGA-T2-A6X0
2.728395164967454,4.89233812629659,1.7402907208528624,1.5892147967450663,1.454793777544583,3.3267791049586997,3.8411970262540263,1.9036883657639132,2.9939256425785885,3.456181024994694,9.74880468779026,9.662918200035328,0.7366854825744287,TCGA-CV-7423
3.948835050838161,4.3079494312775655,3.6791573472157,3.0685504857533807,1.1206998851321146,2.1854893211177986,3.812808011751608,0.7513689177600698,2.755906596111551,1.7955356637558215,10.022989314779858,10.69530172930089,2.4522370975099954,TCGA-BB-A6UO
4.6566928040789515,4.552247143229195,3.351345153702588,1.6920312107379538,2.2321626286975,3.838589574950795,6.798840231231315,2.816228742393389,2.2845229501756372,1.594243053051558,8.85030996189513,9.138626967478647,1.9007334484557166,TCGA-BB-A5HU
4.385547927638353,3.7759122892066728,4.461965875456443,3.1421157235423163,2.5675383109198124,4.809513311634258,4.546663569613748,4.827229950217189,4.818885430171037,5.634574580053436,9.352615093805515,4.189777461768777,2.236712348843338,TCGA-CR-6470
4.047961997457865,5.025692036954483,1.697833331195892,2.4461571589253874,1.9493898023195626,2.8485596900817245,4.409968839663801,3.5710779807875803,3.4375710972431706,3.929450264750672,10.176198634363674,10.908093441442556,1.8152318254131972,TCGA-IQ-A61J
4.271962016499056,3.5939504516522964,2.510598762711455,3.807499916808176,1.6416921079634328,3.2317644090814635,4.162376972613927,0.13566661142153352,3.1230431085654557,3.143207867338995,9.868177987661136,10.719919707512894,3.235390700485844,TCGA-CV-7425
2.955628770856657,4.88518997800182,1.9190967176892502,3.4190438485575174,1.9707699950481594,4.073730205562765,5.422266243167216,2.9531274407215538,3.7317689099624,4.337697194166854,9.559079680888482,9.916437785121753,3.3475996797800285,TCGA-CV-A6K0
5.133926686417466,4.733422669658204,2.8343949985686256,2.140818821354739,2.3260574491791877,3.440770596781882,4.215645846023349,2.74256112262992,3.3261684727558176,3.4023999915702228,9.402034890007245,9.767234866262775,2.7370263093387273,TCGA-CQ-6224
4.174048751066142,6.1811793315178996,3.051777011932013,2.141876288936156,1.6110566016495567,2.6567498891461767,4.1741041528987255,0.4242868623487521,2.5522770947414006,2.0898373178619565,9.782955258630246,10.84405724462904,2.0070186873787113,TCGA-CQ-A4CA
4.689286125240629,5.934335574011121,4.115815731368316,2.6002273972400793,2.0143028404702323,2.9377694185909684,5.413475627160969,1.329432961990235,3.643361555239892,2.0235984389094885,9.853643707189606,10.576873882227247,3.0763486627946315,TCGA-CQ-5326
4.29860290528256,4.931745754601974,3.6171498053518234,1.594953518233127,2.4759920323984264,3.7130987839920047,5.16246442406795,3.824888711793666,3.56276619327418,2.5894618412593347,10.046646804471004,9.92783987308739,1.9909108292662712,TCGA-DQ-7592
3.6112475880250536,6.232542118213196,3.8015338049657013,2.3486286314953726,1.70400235970357,3.9786905086741604,4.478492964061453,3.385992369119188,3.5875192598240035,4.224354762719647,9.300873331741267,6.497924254114227,1.769070680973364,TCGA-CV-A460
4.4687305685743945,5.331848366244479,6.34522311756062,1.2426837721965478,2.123482350255425,2.37608645262416,4.207048052135185,3.4936641288012806,3.221707811007283,6.366594666820051,9.004071587523473,7.289436240053443,0.8145680357642847,TCGA-CQ-6228
5.104725335895463,4.159607820674129,5.930876080887925,2.0342611045992944,2.0954133111895348,4.096989394899952,4.534644712094393,3.970088119202558,2.6900830882183024,4.764946157012504,8.599108532309504,9.45397733938802,1.7549744540193875,TCGA-CV-7421
4.052273524082648,4.386701938389047,4.252465919892493,2.2300144001592104,2.0570553298013525,3.0739147906068003,4.038678563588126,0.5719395376242546,2.8598438195272062,2.576976737674255,8.850686810643559,9.396930928609839,2.546573865169733,TCGA-CN-4740
2.0183105416756044,4.1917978983708135,4.708053435754969,2.1463288647212737,0.9794908577602464,4.019233009726972,3.4619223905964978,4.242329127722717,3.8009461827742106,4.233796311564839,8.597423789129643,6.6212517118201175,1.2004767000692271,TCGA-IQ-A61I
5.617824724225295,5.912799244543,2.645585971577959,2.623791395944825,2.3023850729913784,3.544685705778128,5.120688382392946,0.23436040651937487,2.973317938716817,3.2276294002912134,9.950740130463549,10.46138128143579,2.3688502476416824,TCGA-HD-7753
4.640058450702312,5.341796308255974,2.1106010039289376,2.8478875029566124,2.6999037755663964,3.6850521392795494,4.601805531882614,2.963689338407612,2.8512728151063493,3.412002132872816,9.26441463637955,9.819044706771379,2.3704773590369643,TCGA-CQ-A4CG
3.9780597786253544,4.807847321747433,2.4030546674748705,2.8446186438842296,1.604485670300031,2.957968099132974,4.4295040327809785,2.6906462945736718,3.679821050375493,3.1317000707330247,9.87041210609326,10.871220369128004,2.6634781282640834,TCGA-D6-6516
4.791282880662055,7.04114574917756,6.192297252173141,4.1094121406380975,2.415011585733411,4.645979060422278,4.805949511913377,0.9198842673842852,3.8329343425091493,4.265978655436191,8.844153316723501,4.384381360130559,3.094015302786546,TCGA-CR-7399
4.3085254014937595,3.0965680680829,1.6072956193620669,3.012195999584656,2.024906155281811,3.7202836399659125,4.2774685747401,4.464208974777451,3.8270705982138056,2.7217163918660248,9.995628857665508,10.712383725933678,2.222978956676032,TCGA-CR-6471
2.12525107771113,4.266250957923827,2.0542775680162864,2.296677678529579,1.5153689619858026,3.5751871026884254,3.657574528285521,0.5548616477556022,3.2933114576210394,3.865490989721253,9.298969638642868,9.749756443843257,1.25053191010589,TCGA-CV-6959
1.7471107175591731,2.514141775056335,2.7994740510211633,1.581676094648431,0.926914103511286,2.932142635417852,2.784665503465231,2.5641105442175913,1.846910313692903,3.311214320863451,9.873920395509682,10.53626582170794,0.8569228200668016,TCGA-MT-A67A
3.468927678659496,4.427818260097021,2.741794407066371,1.8343558885250986,1.3694024934496725,3.209766460303737,3.7720756458642826,0.13522994926010412,3.183820504408946,3.6585516812902834,9.289313239882876,9.89286866114616,0.9998595232934725,TCGA-H7-7774
3.840935083712416,5.171515848857482,3.779866666983157,2.0206199808714937,2.517559366438176,1.7609737479624235,4.453450382518704,0.6312185839377786,2.8392889676668487,3.0564839461226665,9.476849687682964,9.91668410375941,1.1817271953786161,TCGA-P3-A6T4
5.047164568061475,5.347245140296455,2.1314052362989258,4.132547129035129,2.100260808885238,3.924168943971702,4.423690274910994,1.865969817093586,3.6348745920103984,3.313553077143421,9.270189879351372,10.83054217532281,3.474097720157889,TCGA-CN-5373
5.138417944319838,7.5022205367958374,4.781820692732257,3.6008211656673335,2.110116225947755,2.185691661522495,4.997229165513341,2.780240621642701,3.7245023567479496,3.8900186761639985,9.755373786321934,10.466729853858448,3.8648936613332237,TCGA-CV-6950
4.427356055468299,5.999116446510901,5.928799469977773,0.9498802348677102,3.264586967999371,2.736067362551578,7.734252016885573,4.368087433846211,3.857140118259535,5.3156370118333625,8.861124780619452,8.117161495553235,1.0243555875060593,TCGA-CN-6997
4.22214686658274,5.027666109612775,4.033725461223759,2.544283434555989,2.49466719365586,3.300208776741666,4.54003095112482,4.609913916685162,4.246372991668258,3.800284415249551,9.569389039402845,9.989501322497965,1.4709341781830199,TCGA-CN-A6V3
1.8352818145171772,4.257571074657347,3.578894372728057,0.9753517790033588,0.7830792880605525,1.5159840086828409,2.80612624933322,4.955367092678683,1.6302400400633636,2.0831347135174534,8.789253679816234,10.644534164966965,1.3048944829069078,TCGA-BA-A6DA
4.3506636684067415,4.711848233319754,2.7628476819838084,2.749217735916541,2.0454322255770876,2.597751587155453,4.856887199887198,2.9851060143126906,3.3562941535597295,1.5395303370187485,8.879323762321793,9.688657634505153,2.839189568447343,TCGA-CR-7392
3.666871546974653,3.934007564304861,5.49413535209078,1.546199878629513,3.7159594585176783,2.9812478793530173,4.0483704293121505,4.02245822297754,3.6373282317289775,7.051117601767492,8.610593184338335,8.255396048105139,1.8491317490859254,TCGA-CV-7103
3.525404185116342,2.415511911849256,3.9171478509453945,1.1773618528996446,2.154015476684576,2.0648480731268273,4.555322162482723,4.401840291321003,2.2394642331663173,3.007048008452314,8.922948910626237,9.483239579317761,1.0593169060604675,TCGA-BB-4224
4.045929577663996,4.870168670158022,4.046270641489088,3.177795463640809,1.8379271500730623,2.957521450290211,4.707647348776388,2.128612585686285,3.149178419541272,0.9793782007444115,8.877322647650605,9.494621211788452,2.2756968217083346,TCGA-BA-A6DG
3.501455904259614,4.547603571198412,5.8290464948748655,4.515219219909662,3.963364198668528,4.311292963159109,4.7546060542529744,4.563976247305181,4.203405223888701,6.843259636925245,8.890404355315038,8.289287745255866,2.997276081269386,TCGA-CR-7370
2.2612733952554063,5.096122231940974,1.958487859833028,2.834177584908903,1.7132031563222798,3.3411677911128312,3.5672286357200895,1.9313909683132489,2.870106690357643,3.701215550625005,9.017413100892245,6.347780026447056,1.5161596668524953,TCGA-CV-7250
3.6230841435472807,3.968427913231489,3.3946962953197954,2.6692470007783164,2.2975222986515833,3.8686978806897723,3.4856825148276465,2.1427918571805975,2.703278836223319,5.45458879599527,9.00607181195453,9.894198749874928,1.2382292930040264,TCGA-F7-A61V
3.463774605713396,4.701701438161836,3.666789763481072,1.2560717740699165,2.030697626440906,3.8683072446687907,4.256050911666108,0.5282725373697112,3.14926419055844,4.032598582752447,9.339467161060806,10.006841038957543,1.0029453785764346,TCGA-D6-A4ZB
4.558460057044713,5.361338174040697,3.3296870583364506,2.237811877651277,2.4260497354889394,3.283711801761422,4.131693332074586,0.36325325929885494,3.5672371058818273,2.188744276570286,9.29555219824525,10.142569124143751,2.249342531598326,TCGA-CR-6488
5.669452900357422,4.395188387545318,2.1749335231390567,1.510501164574077,1.9586571314014511,3.4912909482659793,4.607992200357254,3.4072755388492535,3.5173969420608415,2.047408932098524,9.972467267269863,10.789712473761695,1.9225976550915254,TCGA-CV-5436
2.993329388937681,4.19887273157583,3.8160428012075864,1.4000986420962878,1.3197538373116464,2.9518430799842656,3.520626469238852,0.4407678998105514,2.836349597339035,3.56108869533248,8.192431031436442,8.300352659276381,1.1719866584680803,TCGA-CV-7238
3.363717019885166,4.5205954742805625,3.165053018170694,2.908926330006921,1.980063097699557,3.4395651670733995,4.434150521523991,0.18123763623091707,3.7427045408088437,3.812925061092456,9.347815806631608,10.010075997480113,2.2779234799231842,TCGA-HD-A4C1
3.0530478972580437,3.788509833855736,3.3585995056418283,2.766664961362126,1.9461815407966716,3.1963070553256623,4.828729650798291,0.6326006806919117,2.610488822583797,2.3482083430184626,9.97806872235703,10.649123380389588,1.7498257458551094,TCGA-BB-7863
4.21287990741528,5.509896304756311,3.6410407121987785,2.7092827745047554,2.2265028655879866,3.119563647744578,4.192376791461801,0.8440640658768058,3.902334220368895,5.2716006318038815,8.077798562275735,8.255310137148545,3.065197700035908,TCGA-CN-4728
3.1021307503437363,4.402492032485232,2.4068189742375936,1.2578357942160874,1.6079768455955845,3.317996915736008,3.732226258617302,1.5035439211701305,3.224340864299259,4.122753836695779,9.08118802873266,8.690993394382858,0.8113301362376557,TCGA-CV-6935
4.010312379386897,4.651330227749254,3.33466576451654,0.6154018319350923,2.1877128169636237,4.343397546476038,4.456520514498516,2.624284460422994,2.459597388775732,4.095114265924191,10.350638918381476,10.999743102943643,1.5374476962513797,TCGA-CV-7243
3.9646913539952298,4.907850717117059,4.778381200874078,1.2636181232523764,2.2323664705812756,2.2013272609198187,4.082381624099613,1.797128364216934,3.1920389149146082,5.435966208332662,8.543084012697046,9.345366142461703,0.6144285958485401,TCGA-UF-A71D
4.318584845239507,5.073673315046272,3.1353985591802758,1.958501966891495,2.1327927171768306,3.284524979024529,4.919986765227134,2.6657618542348707,3.25112614734834,2.229756302338704,9.823105408093783,10.472629575751194,1.9380363749507368,TCGA-BA-5558
3.654955488393959,4.740188722266127,5.237598209013242,1.4974107797398954,1.8644986478683598,3.9952882075921914,3.616335642638224,3.285562038063231,3.1955662554325768,4.722133330069662,8.91130535132994,9.345189422358306,0.766118793015768,TCGA-BA-6869
2.4077915967926544,5.13566313377954,5.943953826601326,1.6392685223927743,1.2529629484980342,1.6318841012639305,3.456900106871701,0.1887177242991925,2.3658603165070873,5.544365396107512,8.54713623050896,9.11889556000286,0.4956104579595103,TCGA-BB-7870
4.291582098404076,4.036335786927313,3.4774174075735647,4.47316790938383,2.6789852102490834,4.457605934608119,3.956992546971787,4.933592969656729,4.106875718294854,5.299497669716121,8.83499399669781,7.221692498728426,3.112514808876791,TCGA-BB-7861
3.6727272060689664,3.852652971287372,5.969072710701032,1.5461785727949096,2.7293941236525074,4.211484428126192,4.380733298675327,0.3426672932841241,3.4771517434270853,5.871577643622906,9.380618825846318,8.217400183418421,1.879419247071521,TCGA-CQ-5332
3.1932379656729855,5.168359011586487,3.7404680798868797,1.8808991353583304,2.4022313131190924,4.432055317276913,5.443104487623415,4.533372312730833,2.836443415870609,3.271191196756546,9.626208381779207,10.348206892466585,2.9965319537245554,TCGA-CQ-5329
4.079136165269417,4.346623525189834,3.644491212252892,1.863614906328483,3.4220778592415106,3.8356407567593367,4.209216698652512,3.3899375604672985,3.7854025344206046,5.447799307612687,9.046995996008837,9.26088169720578,1.9073475050413171,TCGA-CR-7388
4.984842843572485,6.153773854636607,4.352610697226677,2.252417480578215,3.171763252754008,2.797647121580558,5.7902099867854675,0.3791211327685624,4.449601167460538,3.070450059733339,9.405935765308262,10.090099654264089,2.343074232124091,TCGA-CN-5361
4.942453522150547,6.529280434524286,3.9836029276117944,2.672277935214061,1.969780123720304,3.607354815589759,4.113455774075114,4.104949794092327,3.2484423940698735,1.7062923537979826,9.51921296844388,10.624739417941564,3.110270049045345,TCGA-CV-5977
1.7373736787014633,4.63282718094004,4.421834915560045,0.7952072557510925,1.4615409704944282,2.5987709059370476,2.999171353134824,3.9603597334776235,2.0148230173420942,1.9436361368769466,8.552674460015181,10.900565271346972,0.6234218980683799,TCGA-CV-A6JM
4.458530395347308,4.199740077267442,3.1939148762789453,3.4579809104266594,2.1135651520319976,1.1621815902641295,4.2591836314462554,1.8836091228579341,2.755207286492339,3.4194497883792403,9.332381466994674,10.325039638555138,1.7288196694541809,TCGA-CN-6998
3.7165894610074446,4.979806258783494,4.747478448952999,2.3005530297513177,1.4781440147497698,3.780968542678516,4.396614709399844,3.356158173851876,3.3871593073582282,2.212244544092605,9.212529843333504,9.628391976761451,1.9336785036961759,TCGA-CQ-A4CD
4.379955741854785,4.734675359258329,5.357184680497188,1.3345272702980076,2.8385286047616582,4.630020834870558,4.041100243015769,3.8345975364621068,4.528214624836948,6.1329144119662296,8.831905838854128,6.498007714232165,1.5189003256679123,TCGA-HD-7754
3.5571207750181975,4.075781666141515,3.939994140225481,0.7111835430460439,1.7793494491513735,2.251365480102473,3.9228007166800114,0.3488947566197701,3.3342951803433696,2.725090847704294,9.391439857344945,10.477708284304468,0.3484008074864867,TCGA-CV-A6JY
5.199989287463253,6.026669032929531,3.8640526051604525,2.165756843131756,2.3699539798648535,2.413518053700347,4.828949535140014,0.4140944348062189,3.935038114234494,4.209283557426749,9.71617443058304,9.251917278278821,1.581758343327358,TCGA-CN-5364
1.081771271472083,5.370635237426095,3.5110079809935932,1.3106005167506902,2.427312847062418,4.062931291516358,7.2515083033681105,0.431522642427454,2.644755350729896,3.606880041674957,9.941221598647392,10.546895470049758,1.200145489491549,TCGA-UF-A7JK
2.7395036475008996,4.792597021972014,2.316557029310905,1.963792165651968,1.6950282802682832,3.581185662929104,4.137386490864245,0.4673751778920435,3.3092100085493836,3.3576981955493017,9.12717348998165,9.115604855021529,0.40965631272663244,TCGA-CV-7252
4.486600591075064,3.8181957255839927,2.0877072860968684,1.6349886932781061,1.3360005670654236,2.680384339450953,3.657241717384827,2.1021810286493254,3.4718857039486672,3.491796481736361,9.658252681240565,10.367414826822287,1.513125230292186,TCGA-CV-A45P
2.6693093727857793,4.365700332950063,5.460428988107194,0.9400072584914712,2.225585251105178,4.702731466526499,4.218644097079843,2.235943027624486,3.4567487641779535,4.943889895149783,9.516330963453012,9.966520739664267,1.0613949008512935,TCGA-BA-A4IF
4.374810662053574,5.383470225896505,4.21461191680856,1.7504165056936725,2.1225968119937635,4.491153424010622,6.985951575394751,4.378208103354092,3.848328927647902,3.426881372593286,9.161066815491509,9.440699738563408,1.3775310754497336,TCGA-CV-5976
5.335009886512484,4.358782316548584,1.6494083444779275,3.608046225727888,1.8503113561776705,3.8362342369118974,4.9598211831276044,3.2534318290098083,3.581166172872513,1.4807860242126083,10.090647866970697,10.294826988104493,3.9133661030685696,TCGA-CR-7373
3.849596385988795,3.688111659435024,6.510796439769398,2.5310186276413447,2.763869570674261,3.105774313755186,3.986449355465679,0.3556444131242084,3.8500092942736854,5.976077521677136,8.975655019591619,6.725468001600636,1.7853724489032037,TCGA-UF-A71A
2.4627292048432974,5.33277966097811,3.15233423225511,0.47561286801024616,1.4306700338394434,2.4362939698673074,3.543781425117948,0.23767742109124682,3.218479746439495,2.501706406966177,6.386418270334931,4.957633172073009,0.31583211586812704,TCGA-D6-A6EP
3.847027846714171,6.422360856771142,4.221747841255475,1.9763423561755153,1.4125223797367716,3.424236595621698,5.902116806581731,2.5832652088624317,3.219839360518599,2.952589880657149,9.969356212084744,10.858550052572072,1.769036582120787,TCGA-BA-6872
2.1324371363317796,3.3653111030977465,2.2416241646329036,2.4551001502053356,0.7773964130048452,1.8826964642201571,2.7177496754109978,4.026096056483356,1.7297599443320757,0.5932715951326887,9.19706342205632,10.873674555911585,1.1461000177354652,TCGA-QK-A6II
3.4358918411255788,0.7092665624398286,0.9603458940703259,1.9335483414994328,2.3743939957404785,3.5413650388253872,4.789313415860982,4.605821973528435,4.921362452831899,2.3755102230086025,9.874870050132852,10.550420047033839,0.6763570112524713,TCGA-CV-5442
2.9160503341290966,3.987681346567114,4.807667666407553,0.644377016190516,1.1210258835050098,3.222297962669459,3.018505973036955,0.1895454018832742,2.6134977341609757,4.137285909327258,8.987302002630155,9.576626059411852,0.798677681769409,TCGA-UF-A7JF
2.0491627302939066,3.4574107194287342,2.718059936131509,1.3084949686654788,1.1209606923318716,1.7382356188236066,3.6533999339626635,0.18481843699254183,2.1455335430419247,1.1492737168035525,9.335780876461923,10.280195186520263,1.3602070263565722,TCGA-CV-A6K1
4.172300478675992,5.112172108717899,4.61577475822423,2.1428035897943305,1.7317794312894557,2.466275835650524,4.09075813868668,3.076413239036132,2.216950949001701,2.7643864251849224,9.60416132258309,10.500460375747874,2.7713254246152514,TCGA-CV-6003
3.3697548730258706,4.300563022159686,5.354493047664325,1.5621576078527988,2.1772486016827477,4.077832315681001,6.114209695538609,4.730549187995797,2.904411624976263,5.578670397065004,8.608001397983983,8.580439540559052,1.5485832641636093,TCGA-CV-7242
5.185382123832346,4.971284439141564,4.441764981511707,2.186702749876637,2.786066241086851,2.9123941419306574,4.42264420830161,4.5645013047454,4.25161892968189,2.485173280905431,8.829130273407067,8.536117276044052,1.608777694538221,TCGA-CV-6961
4.3997830522630945,3.737114702441286,5.071192776403982,2.018841919550906,2.1005545845162144,4.326607736410824,3.917289115100646,3.8557362116170713,4.215390417237498,3.773953330360615,7.514518958124597,6.95915878729591,2.387569416899043,TCGA-CR-6482
4.79636806475086,4.252823006609319,2.2872277706730038,3.9255175432028535,2.1796148771501485,4.127935676828292,4.709876988021719,2.1109886571779652,3.773222900339165,3.7060708319265134,9.634612697091367,10.099443474993892,3.6881191651675276,TCGA-CN-6996
2.7822667387910522,4.627211482064958,5.0165915205094,1.6717364266283246,1.5952172767941282,3.7680648713420837,3.6925003906037777,1.3214357887713941,3.227331970675739,4.6816135005343416,8.196512028913274,6.644924245594981,0.8296865446987722,TCGA-CV-6934
4.473745144875426,5.2301439806196255,2.0773643858846365,4.128501192473587,1.6876019334034549,2.237641156353381,3.932544981773885,0.38628228869139036,3.2451281960122667,2.3835842661854936,9.62313056601538,10.454797387059863,3.0179290913110397,TCGA-DQ-5625
4.2912276391594135,4.425447648814719,2.3490296512366466,2.4919484645770464,1.827383980200984,3.780927500761032,3.7394608701762277,2.9313857339867786,2.568274591966995,3.1017800529919537,9.115173039968626,10.297438047873209,2.2793369366742353,TCGA-QK-A652
4.706511234399743,5.109635022772946,4.410248378402398,2.3722417441305335,2.1773846160098,3.048044798349716,4.825561954618836,0.4393511041073012,3.2978052977411343,3.7908198779194118,8.266960109697914,8.979119222025663,2.1579985308353824,TCGA-BB-8596
4.195198438217056,7.264242515304897,4.679002262943376,0.8555636048042362,2.2136664437710674,4.515859075728778,4.563582273227332,0.23830798783398163,3.8816483304529386,2.2806155195650484,9.95104256374191,10.143844413126667,1.817735810331805,TCGA-CN-5367
3.8000428504452626,4.5619776756807635,5.186434515518735,3.3180693637545864,2.5927216507307995,2.7763005747836544,4.845365918921551,3.360323302452183,4.228082600160676,6.006485416865208,8.55906548218224,8.306770387231392,3.0769896278609243,TCGA-CN-5360
4.215341686416942,5.4796033873596315,5.206205367108505,1.1632133078526372,2.544636753995767,1.9616850681706755,5.525352535685152,3.0745249695190893,2.5410349035656012,4.281566592060129,8.96323968910161,9.891177124192566,1.6992420526941465,TCGA-CR-7390
4.404164767845887,4.679900036164158,3.0215705710601055,3.0280106753009335,1.8712943556745234,3.537227732621094,4.308977332700307,0.39143379469518724,2.148361077144434,3.3651832552434295,9.894372112864305,10.488297912076836,3.191895096536426,TCGA-CV-6952
3.9063489383123233,3.4009040052981847,5.930991085741231,0.5768380581595622,1.958628921463088,4.33065965336099,3.6682506356157782,3.4998806540666565,2.548210033457239,5.336046101871096,8.985928992307146,9.447840350849104,0.820660500858905,TCGA-QK-A6VB
4.560416514210895,4.935935454515867,3.942257307623556,2.0552513028786183,2.171861184267361,4.520764139448504,6.3725590907627065,0.6103089022509408,4.179846189001094,2.108126175539745,9.28485612026363,10.346314811201145,2.6718701936474534,TCGA-QK-A8Z9
2.8098002067058396,4.0281086012483245,2.847893299604411,2.978174025752849,1.2375042875347284,2.805297896649486,3.622095747766603,3.992444718193255,2.536359931376916,3.0091468938508514,9.143796353171851,10.570036898534893,2.779856001481382,TCGA-CV-A45T
3.652083199584245,5.573649871027697,4.565016717954199,3.080955385884395,1.7028553931220483,3.3041393419068608,4.547377924250177,3.031745926505938,2.518035124939237,3.1984445199956797,9.425565906367547,9.510063291598714,2.127600554334095,TCGA-F7-A50I
3.669543717807194,4.0521257592856905,2.323729956343153,3.181460520982376,1.5472645920028099,3.472525302575774,4.082767809461579,2.4210168071019518,2.664237628145557,3.16187786874246,9.676220705861315,10.237549816075077,3.2754187159795625,TCGA-F7-A61S
4.695980255467493,4.941204469579017,5.34390239976852,1.6067342608597854,2.1776905806222806,4.894281985892315,4.639390920052987,1.025969908675998,3.675842339040512,5.305367456160519,9.292373085965359,9.439943741663802,1.584017535087189,TCGA-CV-6940
4.963254336528621,4.846304528135217,2.9878513001031153,1.661100138757894,2.5622148528786655,3.5489619996473993,5.747838912719787,0.21551452414971864,2.660727959007797,2.8793051931745968,9.272838973266317,9.472704897982101,1.9976754748756387,TCGA-P3-A6T8
2.505672864971802,3.6678243427869957,2.9438072006890716,1.2343662096457295,1.2935483909183008,2.984742102254088,3.208231373168887,3.958072273915348,1.2080942992851067,0.6813276037546031,9.386601509806855,10.220456487344533,0.6136709790581485,TCGA-CV-5973
0.7775342838201099,2.961720370962285,1.7150403988146499,0.7073458999597583,0.6252965136517709,2.5328949052129563,2.2723835842609246,1.172946425720813,2.5636485117284886,2.5268000701265674,7.825626680938855,9.258457929043784,0.6090588001776587,TCGA-HD-A6HZ
3.879514276427918,6.8477713831069895,6.457668623435959,3.968989178568813,2.1654013242711767,4.081752277814382,4.527979158407108,0.24560929602987316,3.4449909566605705,5.411242845578313,9.469871226125177,8.877390450712426,2.818893657928459,TCGA-QK-A8ZA
4.6795900380736395,5.055259969253079,4.940826375447658,2.922101879649313,2.909863879474093,4.908873480520691,5.15751445755508,4.8867245221537505,5.195157760444264,5.019425215961666,8.602422676779522,8.700475569806585,3.170865556500962,TCGA-CV-7100
3.446189867580984,4.046872029594835,3.4584689372494832,1.3960961660921511,2.2066687294975056,2.5870720665492857,4.804313624878331,3.15958855839333,3.5996437870423845,5.147090325387825,8.609888737862072,9.160591536928633,1.6940180029071636,TCGA-CV-7263
4.4476528453127,4.446913923110067,3.4415360594036706,2.2582360524198544,1.9547566176942426,3.1669928829885206,4.4495380760515815,3.9985896168575694,1.9531694507369035,3.0894866983442792,9.695466090152506,10.733790482298199,2.137616105730908,TCGA-CQ-6220
3.645238385569154,5.55228144806204,5.894784579572656,4.1300945156613285,2.5209492411349297,2.1789135037871583,4.111385208824185,2.252932557088974,3.5388295213850562,5.874770324729229,8.599137462279648,8.865730649644638,2.714045526502397,TCGA-IQ-A61H
3.5220158058620603,2.4837226157629555,4.63693916534701,2.585151603240488,2.5078823421595464,4.256084938726131,3.923736138068509,4.748107949665283,3.728847484110258,5.41586081795085,9.649964874293563,6.670098924548987,2.0749690550052793,TCGA-CR-7385
3.641009241659135,4.542938335771774,7.137089866222844,1.3754103445178119,2.8208608951320358,2.6041996559759837,3.6866544806953496,0.5526774877885511,4.033509397409711,6.159894646167423,9.220291039462957,8.3235484648168,1.4702218210551765,TCGA-BA-A8YP
2.724566388213323,4.3066590233539035,1.8592467634577068,1.2991829791299274,1.4946329379482743,3.0884253954841356,3.1806130527428684,0.7892297892369897,2.9604470063647153,3.4499462751386942,8.552988718387844,7.9744649133990375,0.906927028921189,TCGA-KU-A6H8
4.062293022356722,4.001337062547117,3.2486637270779353,2.697171239204671,1.6575040050031395,4.121463497202896,4.354896929785091,1.1008098722115969,4.434974808991977,0.10426992117579677,8.41836670464438,8.648803249459014,2.3242585182755087,TCGA-CN-A642
4.33290729133093,5.170715786354287,4.045910334699704,3.3426497680367424,1.9251095954248114,3.505130879614368,5.366434788273981,5.006304596815806,3.8600284125567104,1.0068258930374014,9.449746574611517,9.919897317834922,3.6355999780464763,TCGA-CQ-5330
1.4461186627655562,1.6061123890055233,6.755699187306051,0.6520647354587153,1.5789993232935333,4.173050992859645,0.8417395846097722,4.28639915453513,1.2314225880340357,3.926844620603735,2.276179514114274,2.705293070374725,0.2803552970653201,TCGA-HD-A634
5.212207583000866,4.407464091749933,3.9045410855403904,4.174870230174621,2.654044459423507,4.622123660260584,4.5953541661148,4.913256910365207,5.2659537695445815,4.679436859833748,9.791240299870001,10.059284239806706,2.8599583683766885,TCGA-CN-A499
3.4890006672316214,4.2936215596654685,5.181996448975867,1.992561974184771,1.8534501892264874,3.1144615280707453,3.558579976079677,3.633530578542223,2.9987876012829973,5.0778789031821105,8.198530125888784,8.974775798162295,1.5684075628761083,TCGA-CN-A63T
4.750220727731578,4.899431815603317,2.5517394121404013,3.4567992142875354,2.385813490196778,3.745734627536712,4.303673124502582,0.7393626043569083,3.9539055573585222,2.9656750471197433,9.078555943948603,9.49125611184321,3.6927569269903877,TCGA-CR-7376
1.0549738316382802,2.3396014552732494,3.3445811737431823,2.342661209416379,1.894270930181132,4.003339767598322,3.560986421733468,4.693650733218404,3.955630237570484,4.5530312710063106,8.983711127686627,7.247098105799781,2.1243551541033447,TCGA-CR-5248
3.9509917637665555,4.960465578783579,5.2421680904161345,1.514907428587867,1.3529702289123935,3.7031693652543054,3.4415040434212893,0.6753395619099805,1.5390154481375546,3.5450292913422525,7.889073649856217,8.270001845821637,2.7340427813764636,TCGA-BA-4074
5.354506282799259,5.712484171504806,4.00723136186683,2.664564941014312,1.6552713287772725,3.265037776405795,5.664335922669917,4.9524707271952115,3.6256067980975986,2.011229615175956,9.920766340765432,10.358366217765543,2.670597524051559,TCGA-CR-6493
0.9529697561326468,3.6992801785741793,3.990257309694704,2.744883451147559,0.7814785193499101,4.422737823055363,2.7246975288749846,6.073924791721252,3.3465440627442775,3.6739586911033633,9.705430371645352,4.835911997273487,1.6141468081618346,TCGA-KU-A6H7
4.8904047657717005,4.486919165844048,2.0957945985926054,2.9644118706046294,2.4911537625484668,3.3989348240078963,4.909213677447071,4.193845946644894,2.366048035904684,3.908757680051177,9.957206474209773,10.509985865846392,2.524768183213131,TCGA-CV-7568
4.311598805556078,6.1238375190222465,4.325178466820317,1.4532518292447716,2.1271477852862306,1.3599760528020173,4.228586952028213,0.17521301755665977,2.9528038954980684,2.083010166556861,9.35788275934201,9.409090520732235,1.57660475533886,TCGA-BB-4227
4.825358173924666,6.681718421090285,3.8364521175810276,0.9221535121425307,1.3935182062092102,1.0219831924321763,5.105791522656757,0.016168581161583706,3.2758533334568924,1.8811125467400645,10.040824936303952,10.786257609846878,1.102039741568368,TCGA-DQ-7588
4.578717375157334,4.8588607889286,2.3383961537296645,4.601379008548082,1.6902434060355436,4.4485807013591705,4.802472305071273,0.3767912475235568,4.931298392838316,4.375974608049544,8.889451775226743,9.496921841486683,3.3617979858794174,TCGA-CQ-7068
4.729049269596526,4.738798573908419,4.136375425765676,3.3898937354907632,2.287187150813949,4.729801717073309,4.260769602924747,4.667208396452441,5.6120804775245645,5.090868137538995,9.067042262726082,1.235413330160255,3.0028071872259527,TCGA-BA-5559
2.7961587537522132,4.737084897487642,1.40810477538374,2.837017862395471,1.8183851715455515,3.5221930291283945,4.1014509188181245,1.069080486062072,3.755804188478851,4.29233439465277,9.242139565578354,9.752627487691955,1.2813781911703308,TCGA-HD-8635
4.079501615352326,4.871983768313667,6.45356720194689,2.7787074644979564,3.2686978374512887,3.9344887501438097,4.295136159466246,3.0530856683839107,3.8189555089285867,6.7637263509582,8.491748626680701,7.85646793375434,1.6091578732267815,TCGA-CN-6992
4.9313402512961115,5.219486798935817,3.0561921759225696,2.2987075851675938,2.62358104447576,4.174991702574012,4.368122924504566,4.411939743073624,4.760980060019628,5.8056586269644,8.90161815321734,10.14759147247003,1.439455909234123,TCGA-CQ-5323
4.595611648373928,4.989179420941945,4.908198647911151,1.5722343634365563,2.412927179995836,1.8370355296532055,4.403348940007574,0.03556017539855087,3.611749998796936,3.9842004009317247,8.638429652683676,8.551131090431346,1.1348799278386512,TCGA-CN-4727
4.1692108182345065,4.310365474325503,5.332152932713389,1.1498122453665003,1.8073374991913733,1.7687125850168741,4.346083344896388,0.23198435597969175,3.1067950006585847,4.28509025832842,9.167070498426556,10.112697699240243,0.7818446353212322,TCGA-CN-A63W
4.027686463031868,4.6563907277292325,4.135804753051762,2.054367293775971,2.3507846065732796,4.218750065298307,5.170733395753389,0.274824770449225,4.157406994476305,0.34500713907105035,7.610288423249276,7.973155330067146,1.6792810889758891,TCGA-CN-6022
5.482135719250549,5.698117458711172,3.0988482721669706,1.8168747567064514,2.231454223331221,2.1626791402498915,5.070389890491486,2.9619427845645694,3.1221181980176422,1.1527216143151415,9.657192684443423,10.37695576069128,2.8541168645703205,TCGA-CV-7255
4.6717843639588015,4.618409162718581,4.926169764594167,1.4306939484165748,2.1421580915353013,3.466170183486217,4.346486240829674,4.53050267270504,3.3124135256683895,6.240503694454815,8.406893989387275,6.2156065997537775,1.3783125913782328,TCGA-BB-7862
3.8683156021168443,4.1951411791196245,2.087298097957615,1.7277896752234332,2.0329393830283635,1.663187188428291,4.347286369307217,1.9493755661268897,2.184589534756338,2.743372298879898,9.558653725045758,10.388361111835088,1.8989832479326578,TCGA-CN-4726
3.645546497264691,4.866891936395317,1.420695787837223,1.6694411647699101,1.6318841012639305,4.443811759316936,3.893359928597632,1.163057055410875,3.7709063458378567,1.553079178764716,6.907872472114754,7.002711305172382,1.774002747638796,TCGA-QK-AA3K
3.910379655868626,3.7824016728316754,4.2984099437574015,1.1291414937029325,2.163311531341605,1.5826420896469373,3.976039515341563,0.17546476933074148,3.136593611372451,0.16771540440459246,9.255814596871607,9.962636446000916,0.9006896656455039,TCGA-F7-A623
3.517574985717616,5.368195978983965,5.289873819925129,2.5020750917080345,1.8194556965293822,3.7009167147244395,4.173397549514729,4.056159712377125,3.090128399374589,5.3324931639482545,9.456736639239168,10.025430005809065,2.5607559620714384,TCGA-CV-A461
1.220121706065307,2.3600517926423743,3.2056649441950134,1.9892979918268698,0.6866762894296335,2.4060347841890692,2.2059420252891773,0.1643272934216759,3.058110650759704,1.770042009810437,9.10954789580982,11.29637085756089,2.379851643013138,TCGA-HD-A6I0
3.0584957827896013,3.3309608800448665,2.4337712376732297,2.5590550973130597,1.1479737182058338,3.2801101431349164,3.701770999905167,0.5224181698017979,2.147275408446889,4.056526731235974,9.794829115821024,9.421995422460094,1.3033202778266346,TCGA-CV-6955
2.7189241976540885,4.4745853052734965,1.447530560590464,1.484600049904014,1.5545803789493808,3.2460044922564535,3.8939608626097373,1.7704507082818035,3.4632703658599344,3.169244306859869,9.345754764393316,9.285152578241698,1.5337440680649002,TCGA-CV-6936
2.4468932075897842,3.722534225341828,3.400777293437452,1.3343429554877908,1.0144695205556817,3.983314300182178,3.048106483541731,4.255107617741687,2.80589051076016,0.4891933236388768,8.969082161445765,10.764638490139182,1.4296890434390799,TCGA-T2-A6WZ
1.549985103776369,4.0500599826451085,5.513770623202238,0.7001227942963706,1.4343938106103749,2.318428914155334,2.415628023191232,4.347885399103896,2.3031449362525596,4.861852956676895,7.804147665379274,7.27072706612622,1.101707493575412,TCGA-BA-A6D8
2.882563575448353,2.1596611567812536,2.091085981274552,3.0658831409714433,0.8289011015375651,1.9618959778247922,3.0022708503935736,1.5100152881096494,2.493948977772229,1.9383387007018356,8.309072258394925,10.147388874851504,1.8756256274208196,TCGA-CV-A45O
4.655303257577395,6.494231184301064,2.842138105511986,3.739686630365209,2.32245634538645,3.1943126039063716,5.217329086962254,0.11618175428940963,4.816406324613191,0.07343631807318222,10.028718243208736,10.131823460206279,3.2396035143584614,TCGA-CN-6011
2.4073054037644486,4.145397244331505,3.035899653861107,1.0635031115545417,1.5509397780397902,2.781548463611253,4.3225963774450165,0.7547125362181002,2.8957461786780643,3.9895894188450494,9.599326978953863,10.086991801340755,0.9812916460915669,TCGA-TN-A7HJ
2.417100573780614,4.365739720011165,3.1482773794226446,2.705533704044547,1.647677375087769,3.7052374299142503,3.8016566480918335,2.2580374167327317,3.2709520127146763,1.79530318285142,8.52564628315423,9.327879386750782,3.4105336626391423,TCGA-CN-4733
3.2566454857541673,4.250487541815816,3.8283478751550533,3.474218573007297,1.5289434360617844,4.388504358843348,3.128390785328845,3.925608305925482,3.6519457238206163,5.097999442188176,8.221960229281883,9.36273022817731,2.1804852533319212,TCGA-MZ-A5BI
4.459850729198195,5.521035227268861,5.294389663210056,1.1920722730675486,1.8096812438619776,3.6323884645556657,4.280043741754106,0.4706284340145776,3.354992871805635,4.785923012968598,8.460352750546937,9.71959042317934,1.645441919068288,TCGA-UF-A71B
5.236260563399344,4.591040835182222,3.8140396558871466,0.7623933532967596,1.819990529568881,3.920005063869762,4.983823721428158,0.09512834509157728,3.714988136774387,2.3822738918954136,8.94604913508931,9.321264328954555,0.6058448521571487,TCGA-BA-6868
4.115358873433395,4.177720171143152,3.648791565072306,2.5661102218591934,1.6992420526941465,3.3921801819733193,4.1053883544343766,0.30998157994654785,3.314913013065143,0.26581982559464606,9.644254002763164,9.699206161908176,3.2445201795303205,TCGA-CQ-5327
3.902221123555883,5.681859921905066,4.903124319710477,2.13617625466014,3.4593153349968038,2.270382097953946,4.328801211769698,0.20473515163085468,3.6884368561819203,6.319680472571241,8.9061206906498,8.53309470946712,1.117368617150553,TCGA-CV-A45U
1.923956638839441,6.127739329445374,5.163001525599347,0.5813772797169353,1.5114722098481193,1.7245685446876788,4.821844859153709,3.969193196976515,3.0431500678831442,4.021481712018117,7.272346655120576,8.34808852939201,0.7821648768775981,TCGA-BA-7269
3.069400863479192,5.072411252869859,4.079486390931678,1.2462273722227721,3.0881154465776426,3.698604512070318,6.329674915160343,0.5243142419465455,3.2893715664798986,4.625140446291897,9.370536805065884,9.954839256967778,1.4305743698114366,TCGA-P3-A5Q6
3.8917162110611048,4.62120789171584,4.233030563661508,3.441756941749507,1.5688034003379172,3.7562156206895105,4.1841974538380535,2.332561283844999,4.03384409936429,2.583816403950364,9.837915735065062,10.281456872325396,2.981181928841243,TCGA-CV-7099
4.7866205300530895,3.925797697249952,5.183512392062211,1.2869435288635516,2.6571848852941993,4.092905193494431,4.134800089601475,4.460533933440984,2.2733004531665517,5.2485781271491545,9.537826806936357,10.063790323668005,1.0861685184437682,TCGA-BB-7864
3.528945416197611,5.051992185533645,5.134223668340874,2.1041951280210265,2.1384530985002925,2.800422736919192,4.630313428736757,2.052763835093474,4.163988777094442,5.523743909851723,9.419916524968684,8.770756828329905,1.7347657477079348,TCGA-CV-7101
2.553958408429958,3.4347546518575465,4.732554096505516,1.619823791986518,2.7693146182059842,4.255534692590561,3.5863981229569526,4.279282138695252,4.194566900023803,6.4240594580457655,7.845082073237003,5.576047204394837,2.272620608474573,TCGA-HD-8314
3.975748696308691,4.4276056963868164,3.099858027206877,0.9559344324787066,1.5598694454656066,3.3316221978071185,4.877962199695076,3.656232287781691,3.2224334888700694,3.204196610449143,9.926173426142737,10.578250402141968,0.7002220942319072,TCGA-CV-7180
5.500963473236403,5.039606221307759,2.924767816912564,2.4281422759511506,2.176034988653616,4.049767261468649,5.066848001637677,2.303584593327129,3.215750947520676,3.706824965881208,9.614169656187027,10.656839480895396,2.898951512975613,TCGA-CV-7090
2.6631783503066724,4.88425314178549,1.826643871081557,1.4104502443309617,1.8707862764340264,2.865281844169926,4.258274412569436,2.8352054760899392,3.6508192672893958,3.3952698484973562,10.078935863433058,10.898524514481352,1.9420885704024649,TCGA-CR-7401
3.9557125645522415,4.700727607952827,3.45219779983232,4.263988879079129,1.9943873390833797,3.065855172985463,5.268848390272019,3.5923878266751217,2.754450209536527,3.812001544949243,9.883559736004102,10.817173603171373,3.4970982960393586,TCGA-C9-A47Z
4.836194601553171,4.258806186798555,5.2159890070947865,1.6208920624792162,2.462413907374569,2.1648276402864677,6.701225452284953,3.5363545353540218,2.7587496525332633,3.412473565856471,8.667412938096613,7.800258682372583,1.676909627549113,TCGA-BB-A5HY
4.094731154152477,3.413017250967455,2.832236396409995,2.3965489123162604,1.5619479026974776,2.9422629290753175,3.8288848451139432,0.08277742645756815,3.410110871551094,3.5294000183186065,9.796991130870165,10.549418893527085,1.9422606405501528,TCGA-CQ-7071
5.580002241707879,3.645940637372244,3.686225936648373,2.2151627224672326,2.774873609894724,2.513105304146679,5.007787910811971,2.8119836990544225,2.4983738913645896,1.061048868113144,9.386666860874806,10.382624483412984,2.693843089667184,TCGA-CQ-7069
3.568267107228643,3.7826566413034737,3.1314556370540845,3.6301586438975892,1.4481417644459709,3.4166900809526553,3.752018559025222,0.5222402285812447,2.437727686936339,2.974145956428502,9.342409206834326,10.022331047928494,2.63357087795496,TCGA-BA-A6DJ
1.7369864433807636,3.1000427381010645,2.7630622390505004,2.2458348311428584,1.2024616631269844,3.9841296906280874,2.455117320977248,4.235582226777661,3.309564432550156,3.936912671772883,9.154984721593035,7.63187521313941,1.9842788509984555,TCGA-CN-A6V1
3.1986649542520555,4.842691480408249,2.356514410019126,1.2673982061760347,1.5353176325123303,3.619269427940488,3.9661455935867003,1.4338933399191696,3.4337710520936433,3.848013411050817,9.640002281976027,9.927608777525448,1.201499748843538,TCGA-CV-7438
4.195328012490416,4.565896991457687,3.1573322809721676,2.9950270249246285,1.6476966245511908,3.832011797258495,3.6586882519497066,0.8969040180739649,3.8767480973370074,0.3754181867558677,9.176763515857056,10.005207563591194,2.843128729627867,TCGA-CQ-5333
3.465388967624678,3.7246808665773194,4.355013801201622,2.0915677214776767,2.222198993034793,4.101558479240295,3.8051457845987584,4.503706512214258,3.0940288985791016,5.237379289359599,9.267060912185686,6.521249207153168,1.2175502127396234,TCGA-DQ-7596
3.535521376760999,6.388560901343822,5.697346139149795,2.41510988383589,2.2416241646329036,2.5938656830081137,4.319969033507784,0.40339630293905304,3.557220592921905,6.032389576319981,9.283330855686497,9.039992049081714,1.0066066428720855,TCGA-UF-A71E
3.964347867566683,4.7716875112370785,2.9793335464108526,3.4447516401473868,2.3902112809486757,4.09122135675612,4.248289506601559,2.661580342939569,3.6841985155953956,2.725536422109485,9.446857528641633,10.218145028807083,2.7474567944146018,TCGA-CN-4736
3.3983667124288726,3.8697436995453285,1.3975309930458781,3.842235532614876,1.6097378674430984,3.7023631392725957,3.7196438400269707,0.48876404696347153,3.66662873267911,3.3352213834047797,8.845043436693445,9.606198493748371,3.468354346681469,TCGA-UF-A7JT
4.194229112109176,5.6008445776421905,4.83362122762426,2.1758306846485467,2.32739477190262,4.311846898427229,4.904621231589871,5.095059159697083,3.9972736666003525,4.991814624521746,8.926210954698478,9.45857960000536,1.069286459286281,TCGA-CV-5440
2.229196861764673,4.271590761149273,3.4941958004959077,2.406025766934553,0.6922467753167811,1.2564988385773825,2.8328603405813495,1.8354573244937744,1.9506702304419745,1.3717135762423573,9.287218928229045,11.312561950878605,1.9981365793646593,TCGA-CV-A6JN
2.844630275104752,3.270199918781441,3.449247589591799,5.760737627099211,1.6544112780768316,4.282282263357164,4.4136500517035895,4.195806990198492,3.777746192189554,4.3348839252054185,9.060120707241554,6.021077716803628,1.8456319346925447,TCGA-CV-5443
3.742732968339962,6.478514096883747,4.731127719212932,1.002284925041016,1.550451947286174,2.8494050769834125,4.122932019074013,0.7336651288628335,3.5605317458101022,4.033077129680446,8.092422687571789,5.082374701509086,1.3166494914140014,TCGA-CX-A4AQ
3.81506707211413,5.989904580993291,3.422476043266537,0.6374758956894806,1.8036386317581325,3.4584689372494832,4.227442319173597,3.0227782124595097,1.9505849195548317,3.0640682626742866,9.263583028122898,9.94135218316345,0.9580466901144823,TCGA-CV-6945
1.865861488983109,5.0172612935966425,2.8207834710894493,0.9460436900235029,0.6352532021410426,3.3961178359188566,1.9921392132770392,0.4210759556223119,2.4169132786341323,0.6330255572185645,8.16401449988649,10.59472472268697,0.8296865446987722,TCGA-UF-A7JS
2.8205213759950842,5.312988221344153,4.251298452238979,2.043179447493921,1.8649789515534658,2.617709652200769,5.003389775272063,2.7259032167217168,4.096009841541162,3.586472904532469,9.703004526129705,10.282473973972799,1.3657344471545294,TCGA-UF-A718
4.475463469954476,4.5059342103212785,3.6275517727090185,1.884672839584124,1.9154656690026564,2.5315039351647823,5.305333694450664,3.297283966597169,3.6268843623824605,2.974998813167079,9.351175025747208,9.622507497972478,2.255063623690828,TCGA-CR-7367
4.084412064543254,4.76575214076095,4.551277727223737,2.183227067692366,1.757875158783053,5.273403066886902,4.59884723821889,4.163237650953141,4.102101069260687,4.42700956050036,8.913689775607697,8.671595988030816,2.05999110235819,TCGA-QK-A6IF
5.440598741182348,6.462730348229567,3.48274050161555,0.9188474606558449,1.687879338740663,3.4885242644301577,4.784822349787316,3.132350148088943,3.6038306953830603,0.8388911946126515,9.792897782573746,10.664864052818222,2.281616786557849,TCGA-CV-5979
3.8305027066543462,4.812594840217676,3.4816738414055064,3.2133365111588765,2.0264494367093033,3.760080884937264,4.76070019981097,3.0235176595619278,3.2153054586896594,0.06335031550076171,9.65462407393696,10.111680254819934,3.4808769464842304,TCGA-CQ-5334
5.38399264301943,6.218776996478387,6.496267772583319,1.7591674046273955,2.446113845068845,4.570829227442522,3.991471690551371,0.15229181034225864,3.6842110741654266,6.465076657945857,8.889429790270365,6.705352150390603,1.5480092174374518,TCGA-CV-7418
4.915453905997923,4.778112898599258,2.253373840179233,0.8125733100424829,2.3011640838385987,2.746623268680928,3.8076753100280127,2.9660511138270746,0.7521705210094063,2.889860516123246,9.576420383287482,10.84331544924011,1.2867226137216816,TCGA-CQ-7065
4.439286779450174,4.686149070695743,5.139132871639134,1.9856527040474325,2.2017255438829983,2.436923659765849,7.329095507898566,3.3530954805853326,3.7271333538999096,5.4449784981686,9.135525571616713,9.549607392405472,1.9636097261547143,TCGA-CV-6933
4.070944572168467,4.729469720845834,1.6179416529253212,3.2877337539174976,1.7190633204952837,2.919650046147932,3.477809596533377,1.1217752766945372,3.2763670722018254,1.3939648674241103,8.525220982303907,8.935084190710691,3.100398548282341,TCGA-CN-6017
4.898202420763201,4.165762490879549,3.5860352144211562,2.6891663516004183,2.6881399680167353,4.071827955412983,4.763706093775832,4.7254798049209015,4.546621158634387,5.131631532254198,9.430822609133283,9.732331121106881,1.623439432069914,TCGA-CR-7369
3.498711192293679,4.023156425760403,3.2801891506500773,3.7464688861633006,1.9766194681166565,2.4259790247576722,3.679631826307141,0.2780861787783339,3.580656512287068,3.289431208330603,9.73030792269722,10.641854468960782,3.036552668072966,TCGA-F7-A50G
4.84898108865606,4.870952448592857,4.246486082181588,2.1052798391859504,2.269007626728049,2.9734866646066713,4.504783944754955,0.039605254592359425,3.193968189162016,2.503646621162053,9.149962941480457,9.988469552565917,2.5021488123477993,TCGA-F7-A61W
4.14061886585409,4.712733174421117,1.4889186366848357,3.6729177410536713,1.7578579175523736,3.818946728603539,4.032651765943735,3.3000096293867176,3.4974707338306565,3.8338863134853507,9.730816148873249,10.323875781573818,2.9976404518232926,TCGA-CV-6943
4.426622299933705,4.923369339249888,2.052327249188264,3.85992728391889,1.4952832861317202,3.283205574214458,4.525973287184031,1.2123873029269543,3.608899661127896,3.718989075500545,9.806548410693262,10.631034147734088,2.759611126340096,TCGA-CV-A6JO
3.3903184197646166,3.827536438421627,5.472263110617665,2.9509074868728593,2.7471555229827898,4.099358637377803,4.447528753901657,4.683622706907665,3.941902144705818,6.421832327043345,9.139267717811235,7.227425651510454,2.1523666716943923,TCGA-UF-A7J9
3.157553459685469,4.48795748765845,4.587554944618047,0.716473005863442,1.188940381491974,3.7271044794268664,4.033975116178892,0.8974340570238499,2.8720154175559456,3.7507809074927283,8.734734760889605,9.20423701432379,0.633609467843749,TCGA-CV-7178
4.172587189183584,4.640834582938595,2.8086132271879833,3.8519120016873623,1.4295454031142056,3.8946815070680434,3.7547233728491958,0.6871291082343823,4.618587766305435,2.687459663486201,9.61779911813337,10.226409685460876,3.4563671527956266,TCGA-T2-A6WX
3.665754112712199,3.9307721368158606,3.0444557688344354,3.582295968711153,1.7170000028467665,3.630328306164048,3.5012297278018094,4.244438452968146,3.2293764993040592,4.001024234681299,9.452407026663874,10.538872054666221,2.298577071596507,TCGA-CV-A45R
2.321475539674076,4.653354452352801,4.3717540519031415,2.279643945692478,2.853609797309662,4.246799519409762,4.950550484888108,2.573321901994625,4.074177568552556,4.338083890258595,9.156367490700195,9.239670750072666,2.2562060198072516,TCGA-CN-4723
4.0566253878616685,3.663715480450387,4.312232996230061,1.330490911254454,2.484206404673607,4.619202274134102,4.183805852388847,4.852728457625656,3.681126981200546,5.619603809021405,9.670816054152159,9.70691997332319,1.7885710583105408,TCGA-CR-7402
2.693430519110077,6.399624687019978,5.843662670908659,2.239687890821933,2.1600994446972903,4.077311994765158,4.440138690874596,2.0507719689565076,4.025535602393792,5.581983510944515,9.072282085554741,6.801567309968075,1.704893536206393,TCGA-CN-6012
4.727542673978282,3.956267616109726,2.8010303958710843,3.85676184947921,1.9397339728264105,4.093198906208796,4.06744259413562,2.7816909212535723,4.133310435214079,3.575119875985954,9.324940828596256,9.823490920051114,4.1723158953105415,TCGA-D6-6515
2.8025357986077335,4.431240518585233,1.3662191966888395,2.9923565823140748,1.912013523475873,2.70460427069791,3.6176734211050188,1.920533731294896,2.1631620931713695,1.736563833760105,9.326121618722725,10.072068137274217,2.5599832003372347,TCGA-DQ-5630
4.9759203082243895,4.610066181020322,3.6871579732155957,2.601904191839856,1.8741379084939571,3.6263841774632497,4.4612975060969005,4.178109564323266,4.563441530575038,2.3847639789516895,9.669805838066692,10.041189827425638,3.3264774274137907,TCGA-P3-A6T2
4.450252879044011,4.6037732106722915,2.3369382093657083,1.4914423541963928,2.185725380943199,4.138390155360776,4.8613174727282304,0.6520647354587153,4.0147149636516914,3.026474840888505,8.880439774754004,9.101805913575756,1.829231860084388,TCGA-CR-7397
3.546635935173089,3.856472239805491,6.283569822757409,1.2442122291854343,2.4685062284202193,4.690192168777995,4.1038096268377995,3.0002172012136583,4.013232115915496,6.5766488008961,8.687655335886744,5.338469857000451,1.3025322450145602,TCGA-CV-6962
4.34073056946654,4.317652100089781,4.03389898687589,2.673555370022826,2.017925116074587,2.6076845974828946,4.1699342931716865,0.053161548114232356,2.337179737758545,3.388767111633567,9.171199775613466,9.665643215993772,2.406665790033289,TCGA-HD-7917
5.017894217580828,4.920183824950735,3.2907424298913766,1.0158826410691137,2.2458454150014155,3.6899338979925407,5.027955758405811,0.17193446390746767,2.364291482430024,3.111442050382694,10.043310701733763,10.618745051016974,1.9958832867050098,TCGA-CR-7365
4.04250550489796,4.5948147530921695,5.085759464031784,2.8389498002610933,1.6432787956028185,2.990724756843449,3.549002255096986,3.049192468515808,2.9891254967888465,2.06230809893899,9.324224545827995,10.059607231183724,2.9801921488722583,TCGA-RS-A6TO
5.222292866720157,5.214133805696711,5.007834709450808,1.5615703225620972,2.0937142009665544,2.4118250737864084,4.622855868254118,3.2687358926770367,3.2206861851766493,4.858925965078807,8.771771686829322,8.610464894938843,2.174115155282517,TCGA-CV-7409
2.392699982436306,3.550846516148816,5.226115960357204,0.675441353441013,1.4154890193991665,1.6864915418763917,2.8294474383970876,2.116701198603301,1.9153625724231622,3.2588962181920462,8.020978210479527,9.533724561113115,0.6715148804328315,TCGA-CV-A6JU
4.755270674853988,4.651097207654991,3.583388374377436,3.4145774677393006,2.0540724503292944,2.6923746457167756,4.63728203710471,2.0816141797914542,2.928566303694134,1.4830580295521987,9.84853956155762,10.540797377450842,2.7165737720430867,TCGA-CV-7104
4.498398675344869,4.3010904029265795,1.9195808406659394,2.33150291315143,1.9473234356095124,2.9133175882978777,4.362308503807778,1.9332445638045053,3.731215501876903,2.9370273703979928,8.943852859593315,9.522145043371907,2.693829565462238,TCGA-CN-5358
4.696059699940642,4.734276427055695,3.4981970425801054,2.271073785854789,2.5631554416640303,2.3625695099230573,5.011673421721924,3.5647183089923926,3.7996803937906627,3.018085566703159,9.656247363971708,9.239739899398245,1.8513482606397127,TCGA-CQ-7067
4.303948870234326,4.176747559143239,4.810094367991475,2.160756516601136,2.415994132215444,4.852277108450999,4.373616367313912,4.401776564503143,4.497195144322792,5.271199991596024,9.607721741197302,5.119544704969324,1.8929010978842595,TCGA-BB-4223
3.6344179884728938,5.25920120792874,2.4440238895326565,2.2551475136691708,2.733087469739017,3.603555743123657,4.686732661306448,3.2163245731915113,4.5060269694755135,4.192546012817337,9.747746670674216,10.35564094439404,1.9687054925851704,TCGA-QK-A64Z
4.01367485246828,4.7629847171360185,2.183012957853201,0.8128838621622787,1.6830414716787323,3.137197113002638,4.7968684768167735,0.06821923897714385,2.893129064142153,2.9773798941398026,8.68965161705502,9.429557103415197,0.4892546338378476,TCGA-CV-A45X
4.7357720417066105,4.972252682970667,2.508118491781787,3.826534831411997,2.434700483560682,3.1208571804828917,5.983370881584527,3.4073119826620095,3.3552127782241237,2.471111938765811,9.960621137178945,10.316131977564288,4.374131802335459,TCGA-HD-7229
4.208293590790715,5.569816320870073,4.216529746042308,2.649318786038387,1.6362745663876601,3.6670248729997463,4.436710113386948,0.15554970074096564,3.0753379626719046,2.696962290116715,10.04150986524135,10.90702788852158,2.7845419963572393,TCGA-CN-5365
4.064905452817083,4.021630489933296,1.7001009473313424,2.71854163965561,1.8809753589373692,2.1492940435786694,4.1767905335887985,4.226864401732572,3.2337132045224783,2.0298310411265015,8.936305471799285,10.195636448859494,2.372316358467713,TCGA-BA-5557
3.1568131695770787,3.629177219267816,3.4561400091262797,1.5272946668413312,1.3349221162474116,2.5372776965251207,5.817778794188725,0.481129012029154,3.050684366367836,3.5771990097112907,9.49556547855779,10.313446982698498,1.5388222964377556,TCGA-UF-A7JH
2.0737000910507217,6.740234330809706,4.427815871991696,1.2922034377202951,2.7257067363396508,3.646423312602504,4.806077126269511,0.1563197542549538,3.959616263114516,3.3338424537272546,8.81766937407764,9.616973084835209,1.368308582354414,TCGA-UF-A7JA
1.7808333290945015,3.879098906923913,2.540428076346936,0.708035793053696,1.501340321066388,1.2722013838161543,3.99114467369046,0.08791929803788351,2.908877247977206,2.9873320906005034,9.387672569257445,10.087996269916305,1.6983275244355025,TCGA-F7-A622
4.352986522889181,5.570601116000735,4.4080780797306724,1.4103770316358477,2.0961511552427834,4.268318877528227,4.243258698111217,0.49701063473226265,3.6605185590949536,4.616859597822341,8.530905447249092,7.593509095860298,1.1747087586394098,TCGA-CN-4739
4.330042312107662,6.143113170830401,3.5589672187176524,2.084491270311942,2.262460771709877,4.670334136503929,5.263350074759259,4.650296503604201,4.36702974131797,4.894558302319062,9.355384798302449,7.8673249398396585,1.229815974283454,TCGA-CR-5250
3.328415196930435,6.421304656397744,5.507950461275235,1.392102461402867,2.971178276356062,3.616341018823337,3.916592549142516,1.0135626226283616,3.292549988654964,6.44779433276062,7.293297980620883,7.151413752869611,1.7674667766590104,TCGA-BB-7871
3.662027136037695,5.300127726856485,4.792359874178906,1.3522203807861393,2.6011106616644657,3.7458314577638783,6.053226874433175,0.3326076358047733,3.5031159807151244,5.401088733250645,8.64248709640875,9.57454998189273,1.6011032756440426,TCGA-BA-A4II
4.979256763820173,5.331058478507253,2.7426190856173487,2.3632850060936677,2.4511688778031413,3.5793965642465526,5.003507283414672,0.36227921065856417,3.8025205906029846,3.3234628414527347,9.317092829433385,10.234248122888385,2.2961745895527153,TCGA-D6-8569
3.5038923478975406,4.124281933574015,2.7178024925448883,2.2057327246280147,2.391730857224458,2.416609964478633,4.287273549663432,2.6322628708978435,2.904115763743979,2.8864585557425415,9.686325830603213,10.391580995009942,1.4777334214366722,TCGA-CQ-6223
3.6406525063083874,4.774952622235909,3.3279059990853166,2.865862739562447,1.610357489493484,2.41751071680145,4.899276826634793,2.815672157773672,1.901241479845052,1.349993381393559,8.52207571248745,9.296579268179341,3.568757748399331,TCGA-BA-4075
3.7510605111152993,4.143387075501199,4.634829954006206,1.8929462871141673,2.860777010564159,3.556875465841834,4.678971611161089,0.10885440491208209,4.458737644554801,5.43704312009101,8.396493112824015,8.789070554835941,1.0536846553129748,TCGA-CN-A49A
5.09746721053936,4.466929436012871,4.821795741242933,1.964128889611656,2.1259195109762485,3.5617106344678118,4.81494801262603,0.09893994785490356,2.8093364281066306,4.641354563366633,8.930264366585313,10.414974207772667,1.6119746920860702,TCGA-BA-A6DE
4.495731365338394,4.612573712129138,3.281707890838997,4.279577155612388,1.7997772408216384,4.599919424837802,4.691207505404301,4.1849588852439865,4.799245726602882,5.198043337202016,9.501177150605605,7.9432840230762904,3.319763150713471,TCGA-DQ-7590
5.000677209879697,5.163149778943404,5.331277658711271,1.3793704460470664,2.487262206617702,4.823030203990011,4.954546660778198,4.339367015254752,3.9810134769122176,5.112019113167121,9.493447063317156,9.550479996928935,1.66222009787307,TCGA-BA-5555
4.393688371523154,3.6276687230690396,3.0644137632333255,3.0118762553772958,2.8124282342821485,4.11869890622399,5.096331528887593,5.6292704721752695,5.220272037784484,3.5619519222074496,9.985351333356656,10.182182178612656,1.55690174073127,TCGA-RS-A6TP
3.9350811122096867,4.431104852589945,2.876160138413146,3.130363685934875,1.9430345900240893,2.5802319809926937,4.851690362409643,2.6419531327272843,4.027162550139112,2.2235310630842067,9.586437978876926,10.030621047189332,2.295993415544651,TCGA-CR-6484
3.398166125376763,3.1137330632780142,3.5030617930632726,1.684916373610006,1.693025100240368,1.9409837485322687,3.4898460287044917,0.9939182175534439,2.014769678319252,4.4165717708712755,8.376779127456011,9.384429291752548,1.6760867053810298,TCGA-MZ-A7D7
4.421181239872849,3.8107828781877817,5.350438168456777,2.0052027917443036,2.377367837437731,2.5395921009674094,7.178108546215127,0.49048004910056053,2.850631354171573,4.9688989928360625,9.410640074083354,8.850744136646316,1.465913902348058,TCGA-CR-7364
3.7497369899802586,5.172026554681039,2.1485360746657487,1.8281556844193458,2.091246587129598,3.681315922587711,4.306739891118978,1.6496965482976624,4.413719081406371,3.4100811373255113,9.167745431716046,9.657279812186168,2.5526509643743003,TCGA-CR-7393
4.401620906932324,4.984609543271866,3.0787858286892766,1.6643994705080747,1.7815576067434582,4.250148160940236,3.9521644484257377,2.7101147351510892,2.8091858043734677,2.732950922117822,8.985149526384488,10.526594269325889,2.010439741581596,TCGA-CV-A464
4.727309939573645,6.257836730665314,3.9823565777739196,1.88529534861922,1.8391359361856072,3.9748757314112075,4.586776046307365,1.2352098092477788,3.364315531235827,3.9224662840695173,8.812109458866548,9.074710756764281,1.7190453969392496,TCGA-BB-4217
3.903329324659413,4.73991259503613,1.9106825954748488,2.05560980842649,2.184713303399148,3.7346125693147854,4.045661892274958,0.8891250638013856,4.195633801469784,2.303654520952066,9.929500795149691,10.102596574675568,1.8828486318483095,TCGA-CN-6016
